GeneID	CopyNumber
dnaA	1
rpmH	1
rnpA	1
yidC	1
E5260_RS00030	1
E5260_RS00035	1
jag	1
mnmE	1
mnmG	1
E5260_RS00055	1
E5260_RS00060	1
E5260_RS00065	1
E5260_RS00070	1
lepB	1
E5260_RS00080	1
E5260_RS00085	1
E5260_RS00090	1
E5260_RS00095	1
E5260_RS00100	1
E5260_RS00105	1
E5260_RS00110	1
E5260_RS00115	1
adhE	1
rbsR	1
rbsK	1
rbsD	1
rbsU	1
E5260_RS00145	1
E5260_RS00150	1
E5260_RS00155	1
E5260_RS00160	1
E5260_RS00165	1
E5260_RS00170	1
E5260_RS00175	1
E5260_RS00180	1
E5260_RS00185	1
E5260_RS00190	1
E5260_RS00195	1
E5260_RS00200	1
E5260_RS00205	1
E5260_RS00210	1
E5260_RS00215	1
E5260_RS00220	1
E5260_RS00225	1
E5260_RS00230	1
E5260_RS00235	1
E5260_RS00240	1
E5260_RS00245	1
E5260_RS00250	1
E5260_RS00255	1
E5260_RS00260	1
E5260_RS00265	1
E5260_RS00270	1
E5260_RS00275	1
E5260_RS00290	1
E5260_RS00295	1
E5260_RS00305	1
E5260_RS00310	1
E5260_RS00315	1
E5260_RS00320	1
E5260_RS00325	1
E5260_RS00330	1
E5260_RS15325	1
E5260_RS00345	1
E5260_RS00350	1
E5260_RS00355	1
E5260_RS00360	1
E5260_RS00365	1
E5260_RS00380	1
E5260_RS00385	1
E5260_RS00390	1
rhaB	1
rhaM	1
E5260_RS00405	1
rhaD	1
E5260_RS00415	1
E5260_RS00420	1
spxB	1
E5260_RS00430	1
E5260_RS00435	1
E5260_RS00440	1
E5260_RS00445	1
clpL	1
E5260_RS00455	1
E5260_RS00460	1
E5260_RS15590	1
E5260_RS00470	1
E5260_RS00475	1
E5260_RS00480	1
E5260_RS00485	1
E5260_RS15335	1
E5260_RS00490	1
E5260_RS00495	1
E5260_RS00500	1
E5260_RS00505	1
E5260_RS00510	1
E5260_RS00515	1
E5260_RS00520	1
E5260_RS00525	1
araA	1
E5260_RS00535	1
E5260_RS00540	1
E5260_RS00545	1
E5260_RS00550	1
E5260_RS00555	1
E5260_RS00560	1
E5260_RS00565	1
E5260_RS00570	1
E5260_RS00575	1
E5260_RS00580	1
E5260_RS00585	1
E5260_RS00590	1
E5260_RS00595	1
fsa	1
tkt	1
yidA	1
bsh	1
E5260_RS00620	1
E5260_RS00625	1
E5260_RS00630	1
E5260_RS00635	1
E5260_RS00640	1
E5260_RS00645	1
E5260_RS00650	1
E5260_RS00655	1
E5260_RS00660	1
E5260_RS00665	1
murQ	1
E5260_RS00675	1
E5260_RS00680	1
E5260_RS00685	1
E5260_RS00690	1
E5260_RS00700	1
E5260_RS00705	1
E5260_RS00710	1
E5260_RS00715	1
E5260_RS00720	1
E5260_RS00725	1
E5260_RS00730	1
murQ	1
E5260_RS00745	1
E5260_RS00750	1
E5260_RS00755	1
E5260_RS00760	1
E5260_RS00765	1
E5260_RS00770	1
E5260_RS00775	1
E5260_RS00780	1
aroE	1
E5260_RS00790	1
E5260_RS00795	1
E5260_RS00800	1
aroD	1
E5260_RS00810	1
E5260_RS00815	1
E5260_RS00820	1
E5260_RS00825	1
E5260_RS00830	1
E5260_RS00835	1
E5260_RS00840	1
E5260_RS00845	1
E5260_RS00850	1
E5260_RS00855	1
E5260_RS00860	1
galE	1
E5260_RS00870	1
E5260_RS00875	1
E5260_RS00880	1
E5260_RS00885	1
E5260_RS00890	1
E5260_RS00895	1
E5260_RS00900	1
E5260_RS00905	1
E5260_RS00910	1
E5260_RS00915	1
E5260_RS00920	1
E5260_RS00925	1
brnQ	1
E5260_RS00935	1
E5260_RS00940	1
E5260_RS00945	1
E5260_RS00950	1
E5260_RS00955	1
E5260_RS00960	1
E5260_RS00965	1
E5260_RS00970	1
E5260_RS00975	1
E5260_RS00980	1
E5260_RS00985	1
E5260_RS00990	1
E5260_RS00995	1
E5260_RS01000	1
E5260_RS01005	1
E5260_RS01010	1
E5260_RS01015	1
E5260_RS01020	1
E5260_RS01025	1
E5260_RS01030	1
E5260_RS01035	1
E5260_RS01040	1
E5260_RS01045	1
E5260_RS01050	1
E5260_RS01055	1
E5260_RS01060	1
E5260_RS01065	1
E5260_RS01070	1
E5260_RS01075	1
E5260_RS01080	1
E5260_RS01085	1
E5260_RS01090	1
E5260_RS01095	1
E5260_RS01100	1
E5260_RS01105	1
E5260_RS01110	1
E5260_RS01115	1
E5260_RS01120	1
E5260_RS01125	1
E5260_RS01130	1
E5260_RS01135	1
E5260_RS01140	1
E5260_RS01145	1
E5260_RS01150	1
E5260_RS01155	1
E5260_RS01160	1
E5260_RS01165	1
E5260_RS01170	1
E5260_RS01175	1
E5260_RS01180	1
E5260_RS01185	1
E5260_RS01190	1
E5260_RS01195	1
E5260_RS01200	1
E5260_RS01205	1
E5260_RS01210	1
E5260_RS01215	1
E5260_RS01220	1
E5260_RS01225	1
E5260_RS01230	1
E5260_RS01235	1
E5260_RS01240	1
E5260_RS01245	1
E5260_RS01250	1
E5260_RS01255	1
E5260_RS01260	1
E5260_RS01265	1
E5260_RS01270	1
E5260_RS01275	1
E5260_RS01280	1
E5260_RS01285	1
E5260_RS01290	1
E5260_RS01295	1
E5260_RS01300	1
E5260_RS01305	1
E5260_RS01310	1
E5260_RS01315	1
E5260_RS01320	1
E5260_RS01325	1
E5260_RS01330	1
E5260_RS01335	1
mutY	1
E5260_RS01345	1
E5260_RS01350	1
E5260_RS01355	1
E5260_RS01360	1
E5260_RS01365	1
E5260_RS01370	1
E5260_RS01375	1
E5260_RS01380	1
nhaC	1
E5260_RS01390	1
E5260_RS01395	1
E5260_RS01400	1
ade	1
E5260_RS01410	1
E5260_RS01415	1
E5260_RS01420	1
E5260_RS01425	1
E5260_RS01430	1
E5260_RS01435	1
E5260_RS01440	1
E5260_RS01445	1
E5260_RS01450	1
E5260_RS01455	1
E5260_RS01460	1
pflA	1
pflB	1
E5260_RS01475	1
E5260_RS01480	1
E5260_RS01485	2
E5260_RS01490	1
rrf	4
E5260_RS01500	1
E5260_RS01505	1
E5260_RS01510	1
E5260_RS01515	1
E5260_RS01520	1
folB	1
folK	1
folE	1
E5260_RS01540	1
E5260_RS01545	1
folP	1
E5260_RS01555	1
E5260_RS01560	1
E5260_RS01565	1
E5260_RS01570	1
E5260_RS01575	1
E5260_RS01580	1
E5260_RS01585	1
E5260_RS01590	1
E5260_RS01595	1
E5260_RS01600	1
E5260_RS01605	1
E5260_RS01610	1
E5260_RS01615	1
E5260_RS01620	1
E5260_RS01625	1
E5260_RS01630	1
cls	1
E5260_RS01640	1
E5260_RS01645	1
E5260_RS01650	1
purB	1
E5260_RS01660	1
E5260_RS01665	1
E5260_RS01670	1
E5260_RS01675	1
E5260_RS01680	1
E5260_RS01685	1
E5260_RS01690	1
E5260_RS01695	1
E5260_RS01700	1
E5260_RS01705	1
E5260_RS01710	1
E5260_RS01715	1
E5260_RS01720	1
E5260_RS01725	1
E5260_RS01730	1
E5260_RS01735	1
E5260_RS01740	1
E5260_RS01745	1
E5260_RS01750	1
E5260_RS01755	1
E5260_RS01760	1
E5260_RS01765	1
E5260_RS01770	1
E5260_RS01775	1
E5260_RS01780	1
E5260_RS01785	1
E5260_RS01790	1
E5260_RS01795	1
E5260_RS01800	1
E5260_RS01805	1
E5260_RS01810	1
E5260_RS01815	1
E5260_RS01820	1
rlmD	1
E5260_RS01830	1
E5260_RS01835	1
E5260_RS01840	1
E5260_RS01845	1
E5260_RS01850	1
E5260_RS01855	1
E5260_RS01860	1
E5260_RS01865	1
E5260_RS01870	1
E5260_RS01875	1
E5260_RS01880	1
E5260_RS01885	1
E5260_RS01890	1
E5260_RS01895	1
E5260_RS01900	1
E5260_RS01905	1
E5260_RS01910	1
E5260_RS01915	1
E5260_RS01920	1
rsmG	1
noc	1
E5260_RS01935	1
E5260_RS01940	1
E5260_RS01945	1
ychF	1
E5260_RS01955	1
E5260_RS01960	1
E5260_RS01965	1
E5260_RS01970	1
E5260_RS01975	1
E5260_RS01980	1
E5260_RS01985	1
E5260_RS01990	1
E5260_RS01995	1
E5260_RS02000	1
E5260_RS02005	1
E5260_RS15345	1
E5260_RS02010	1
E5260_RS02015	1
E5260_RS02020	1
E5260_RS02025	1
E5260_RS02030	1
E5260_RS02035	1
E5260_RS02040	1
E5260_RS02045	1
E5260_RS02050	1
E5260_RS02055	1
E5260_RS02060	1
E5260_RS02065	1
E5260_RS02070	1
E5260_RS02075	1
E5260_RS02080	1
E5260_RS02085	1
E5260_RS02090	1
E5260_RS02095	1
E5260_RS02100	1
E5260_RS02110	1
E5260_RS02115	1
E5260_RS02120	1
E5260_RS02125	1
E5260_RS02130	1
E5260_RS15350	1
E5260_RS15355	1
E5260_RS02140	1
E5260_RS02145	1
E5260_RS02150	1
E5260_RS02155	1
E5260_RS02160	1
E5260_RS02165	1
E5260_RS02170	1
tkt	1
E5260_RS02180	1
E5260_RS02185	1
E5260_RS02190	1
E5260_RS02195	1
E5260_RS02200	1
E5260_RS02205	1
E5260_RS02210	1
E5260_RS02215	1
E5260_RS02220	1
E5260_RS02225	1
nudC	1
E5260_RS02235	1
lepA	1
E5260_RS02245	1
E5260_RS02250	1
E5260_RS02255	1
E5260_RS02260	1
E5260_RS02265	1
E5260_RS02270	1
E5260_RS02275	1
E5260_RS02280	1
E5260_RS02285	1
E5260_RS02290	1
E5260_RS02295	1
E5260_RS02300	1
E5260_RS02305	1
E5260_RS02310	1
E5260_RS02315	1
E5260_RS02320	1
E5260_RS02325	1
E5260_RS02330	1
E5260_RS02335	1
E5260_RS02340	1
E5260_RS02345	1
E5260_RS02350	1
E5260_RS02355	1
E5260_RS02360	1
E5260_RS02365	1
E5260_RS02370	1
E5260_RS02375	1
E5260_RS02380	1
E5260_RS02385	1
E5260_RS02390	1
asnB	1
E5260_RS02400	1
E5260_RS02405	1
E5260_RS02410	1
E5260_RS02415	1
E5260_RS02420	1
E5260_RS02425	1
E5260_RS02430	1
E5260_RS02435	1
E5260_RS02440	1
E5260_RS02445	1
E5260_RS02450	1
E5260_RS02455	1
E5260_RS02460	1
E5260_RS02465	1
E5260_RS02470	1
E5260_RS02475	1
E5260_RS02480	1
E5260_RS02485	1
E5260_RS02490	1
E5260_RS02495	1
E5260_RS02500	1
E5260_RS02505	1
E5260_RS02510	1
E5260_RS02515	1
E5260_RS02525	1
yjeM	1
E5260_RS02535	1
E5260_RS02540	1
E5260_RS02545	1
E5260_RS02550	1
E5260_RS02555	1
E5260_RS02560	1
E5260_RS02565	1
E5260_RS02570	1
E5260_RS02575	1
E5260_RS02580	1
E5260_RS02590	1
E5260_RS02595	1
E5260_RS02600	1
E5260_RS02605	1
E5260_RS02610	1
E5260_RS02615	1
E5260_RS02620	1
E5260_RS02625	1
E5260_RS02630	1
E5260_RS02635	1
E5260_RS02640	1
E5260_RS02645	1
E5260_RS02650	1
E5260_RS02655	1
E5260_RS02660	1
E5260_RS02665	1
E5260_RS02670	1
E5260_RS02675	1
E5260_RS02680	1
E5260_RS02685	1
E5260_RS02690	1
E5260_RS02695	1
E5260_RS02700	1
E5260_RS02705	1
E5260_RS02710	1
E5260_RS02715	1
E5260_RS02720	1
E5260_RS02725	1
E5260_RS02730	1
E5260_RS02735	1
E5260_RS02740	1
E5260_RS02745	1
E5260_RS02750	1
E5260_RS02755	1
E5260_RS02760	1
E5260_RS02765	1
E5260_RS02770	1
E5260_RS02775	1
E5260_RS02780	1
E5260_RS02785	1
E5260_RS02790	1
E5260_RS02795	1
E5260_RS02800	1
E5260_RS02805	1
E5260_RS02810	1
E5260_RS02815	1
E5260_RS02820	1
E5260_RS02825	1
E5260_RS02830	1
E5260_RS02835	1
E5260_RS02840	1
E5260_RS02845	1
E5260_RS02850	1
nagE	1
E5260_RS02860	1
E5260_RS02865	1
E5260_RS02870	1
E5260_RS02875	1
E5260_RS02880	1
E5260_RS02885	1
E5260_RS02890	1
E5260_RS02895	1
E5260_RS02900	1
E5260_RS02905	1
E5260_RS02910	1
E5260_RS02915	1
E5260_RS02920	1
E5260_RS02925	1
E5260_RS02930	1
E5260_RS02935	1
E5260_RS02940	1
E5260_RS02945	1
E5260_RS02950	1
E5260_RS02955	1
E5260_RS02960	1
E5260_RS02965	1
E5260_RS02970	1
E5260_RS02975	1
E5260_RS02980	1
E5260_RS02985	1
nrdD	1
nrdG	1
E5260_RS03000	1
E5260_RS03005	1
E5260_RS03010	1
E5260_RS03015	1
E5260_RS03020	1
E5260_RS03025	1
E5260_RS03030	1
E5260_RS03035	1
E5260_RS03045	1
E5260_RS03050	1
E5260_RS03055	1
E5260_RS03060	1
E5260_RS03065	1
E5260_RS03070	1
E5260_RS03075	1
E5260_RS03080	1
E5260_RS03085	1
E5260_RS03090	1
E5260_RS03095	1
E5260_RS03100	1
E5260_RS03105	1
E5260_RS03110	1
E5260_RS03115	1
E5260_RS03120	1
E5260_RS03125	1
E5260_RS15360	1
E5260_RS03130	1
E5260_RS03135	1
E5260_RS03140	1
E5260_RS03145	1
E5260_RS03150	1
E5260_RS03155	1
E5260_RS03160	1
E5260_RS03165	1
E5260_RS03170	1
E5260_RS03175	1
E5260_RS03180	1
E5260_RS03185	1
E5260_RS03190	1
E5260_RS03195	1
E5260_RS03200	1
E5260_RS03205	1
E5260_RS03210	1
E5260_RS03215	1
E5260_RS03220	1
E5260_RS03225	1
E5260_RS03230	1
E5260_RS03235	1
E5260_RS03240	1
E5260_RS03245	1
E5260_RS03250	1
E5260_RS03255	1
E5260_RS03260	1
E5260_RS03265	1
E5260_RS03270	1
E5260_RS03275	1
E5260_RS03280	1
E5260_RS03285	1
E5260_RS03290	1
lepB	1
E5260_RS03300	1
nth	1
E5260_RS03310	1
E5260_RS03315	1
E5260_RS03320	1
E5260_RS03325	1
E5260_RS03330	1
E5260_RS03335	1
E5260_RS03340	1
E5260_RS03345	1
E5260_RS03350	1
E5260_RS03355	1
E5260_RS03360	1
E5260_RS03365	1
E5260_RS03370	1
E5260_RS03375	1
asp1	1
E5260_RS03385	1
E5260_RS03390	1
E5260_RS03395	1
E5260_RS03400	1
E5260_RS03405	1
E5260_RS03410	1
E5260_RS03415	1
E5260_RS03420	1
E5260_RS03430	1
E5260_RS03435	1
E5260_RS03440	1
E5260_RS03445	1
E5260_RS03450	1
E5260_RS03455	1
E5260_RS03460	1
E5260_RS03465	1
E5260_RS03470	1
E5260_RS03475	1
E5260_RS03480	1
E5260_RS15365	1
E5260_RS03490	1
E5260_RS03495	1
E5260_RS03500	1
E5260_RS03505	1
tyrS	1
E5260_RS03515	1
E5260_RS03520	3
E5260_RS03525	1
rrf	4
E5260_RS03535	1
E5260_RS03540	1
E5260_RS03545	1
E5260_RS03550	1
E5260_RS03555	1
E5260_RS03560	1
E5260_RS03565	1
E5260_RS03570	1
E5260_RS03580	1
E5260_RS03585	1
E5260_RS03590	1
E5260_RS03595	1
E5260_RS03600	1
E5260_RS03605	1
E5260_RS03610	1
E5260_RS03615	1
E5260_RS03620	1
E5260_RS03625	1
E5260_RS03630	1
E5260_RS03635	1
E5260_RS03640	1
E5260_RS03645	1
E5260_RS03650	1
E5260_RS03655	1
E5260_RS03660	1
E5260_RS03665	1
E5260_RS03670	1
E5260_RS03675	1
E5260_RS03680	1
E5260_RS03685	1
eis	1
E5260_RS03695	1
E5260_RS03700	1
E5260_RS03705	1
E5260_RS03710	1
E5260_RS03715	1
E5260_RS03720	1
E5260_RS03725	1
E5260_RS03730	1
thrC	1
E5260_RS03740	1
E5260_RS03745	1
E5260_RS03750	1
E5260_RS03755	1
E5260_RS03760	1
E5260_RS03765	1
E5260_RS03770	1
E5260_RS03775	1
E5260_RS03780	1
E5260_RS03785	1
E5260_RS03790	1
E5260_RS03795	1
E5260_RS03800	1
E5260_RS03805	1
E5260_RS03810	1
E5260_RS03815	1
E5260_RS03820	1
E5260_RS03825	1
E5260_RS03830	1
E5260_RS03835	1
E5260_RS03840	1
E5260_RS03845	1
E5260_RS03850	1
purE	1
purK	1
purC	1
purS	1
purQ	1
purL	1
purF	1
purM	1
purN	1
purH	1
purD	1
E5260_RS03910	1
E5260_RS03915	1
E5260_RS03920	1
E5260_RS03925	1
E5260_RS03930	1
E5260_RS03935	1
E5260_RS03940	1
E5260_RS03945	1
pyrR	1
E5260_RS03955	1
E5260_RS03960	1
E5260_RS03965	1
carB	1
E5260_RS03975	1
pyrF	1
pyrE	1
E5260_RS03990	1
E5260_RS03995	1
addA	1
E5260_RS04005	1
E5260_RS04010	1
E5260_RS04015	1
E5260_RS04020	1
dapA	1
E5260_RS04030	1
E5260_RS04035	1
zwf	1
E5260_RS04045	1
E5260_RS04050	1
E5260_RS04055	1
E5260_RS04060	1
E5260_RS04065	1
nrdI	1
E5260_RS04075	1
E5260_RS04080	1
E5260_RS04085	1
E5260_RS04090	1
E5260_RS04095	1
E5260_RS04100	1
E5260_RS04105	1
E5260_RS04110	1
ybaK	1
E5260_RS04120	1
E5260_RS04125	1
E5260_RS04130	1
E5260_RS04135	1
E5260_RS04140	1
E5260_RS04145	1
E5260_RS04150	1
E5260_RS04155	1
E5260_RS04160	1
E5260_RS04165	1
E5260_RS04170	1
E5260_RS04175	1
E5260_RS04180	1
E5260_RS04185	1
E5260_RS04190	1
E5260_RS04195	1
E5260_RS04200	1
E5260_RS04205	1
E5260_RS04210	1
E5260_RS04215	1
E5260_RS04220	1
E5260_RS04225	1
spxB	1
E5260_RS04235	1
E5260_RS04240	1
E5260_RS04245	1
E5260_RS04250	1
E5260_RS04255	1
E5260_RS04260	1
E5260_RS04265	1
E5260_RS04270	1
E5260_RS04275	1
E5260_RS04280	1
E5260_RS04285	1
E5260_RS04290	1
E5260_RS04295	1
E5260_RS04300	1
E5260_RS04305	1
E5260_RS04310	1
E5260_RS04315	1
E5260_RS04320	1
E5260_RS04325	1
E5260_RS04330	1
E5260_RS04335	1
E5260_RS04340	1
E5260_RS15600	1
E5260_RS04350	1
E5260_RS04355	1
E5260_RS04360	1
E5260_RS04365	1
E5260_RS04370	1
E5260_RS04375	1
E5260_RS04380	1
E5260_RS04385	1
E5260_RS04390	1
E5260_RS04395	1
E5260_RS04400	1
E5260_RS04405	1
E5260_RS04410	1
E5260_RS04415	1
E5260_RS04420	1
E5260_RS04425	1
E5260_RS04430	1
hisJ	1
hisZ	1
hisG	1
hisD	1
hisB	1
hisH	1
hisA	1
hisF	1
hisI	1
hisE	1
hisC	1
E5260_RS04490	1
E5260_RS04495	1
E5260_RS04500	1
E5260_RS04505	1
E5260_RS04510	1
E5260_RS04515	1
trpX	1
E5260_RS15385	1
E5260_RS04525	1
E5260_RS04530	1
E5260_RS04535	1
E5260_RS04540	1
E5260_RS04545	1
nagE	1
E5260_RS04555	1
E5260_RS04560	1
E5260_RS04565	1
E5260_RS04570	1
E5260_RS04575	1
E5260_RS04580	1
E5260_RS04585	1
E5260_RS04590	1
E5260_RS04595	1
E5260_RS04600	1
E5260_RS04605	1
E5260_RS04610	1
E5260_RS04615	1
E5260_RS04620	1
E5260_RS04625	1
ssrA	1
E5260_RS04635	1
E5260_RS04640	1
E5260_RS04645	1
E5260_RS04650	1
E5260_RS04655	1
E5260_RS04660	1
E5260_RS04665	1
E5260_RS04670	1
E5260_RS04675	1
E5260_RS04680	1
E5260_RS04685	1
E5260_RS04690	1
E5260_RS15390	1
E5260_RS04695	1
E5260_RS15395	1
E5260_RS15400	1
E5260_RS15405	1
E5260_RS04700	1
E5260_RS15410	1
E5260_RS15415	1
E5260_RS04705	1
E5260_RS04710	1
E5260_RS04715	1
E5260_RS04720	1
E5260_RS04725	1
E5260_RS04730	1
E5260_RS04735	1
E5260_RS04740	1
E5260_RS04745	1
E5260_RS04750	1
E5260_RS04755	1
E5260_RS04760	1
E5260_RS04765	1
E5260_RS04770	1
E5260_RS04775	1
E5260_RS04780	1
E5260_RS04785	1
E5260_RS04790	1
E5260_RS04795	1
E5260_RS04800	1
E5260_RS04805	1
E5260_RS04810	1
E5260_RS04815	1
E5260_RS04820	1
E5260_RS04825	1
E5260_RS04830	1
E5260_RS04835	1
E5260_RS04840	1
E5260_RS04845	1
E5260_RS04850	1
E5260_RS04855	1
E5260_RS04860	1
E5260_RS04865	1
E5260_RS04870	1
E5260_RS15425	1
E5260_RS04875	1
E5260_RS04880	1
E5260_RS04885	1
E5260_RS04890	1
E5260_RS04895	1
E5260_RS04900	1
E5260_RS04905	1
E5260_RS04910	1
E5260_RS04915	1
E5260_RS04920	1
E5260_RS04925	1
E5260_RS04930	1
E5260_RS15630	1
E5260_RS04940	1
E5260_RS04945	1
E5260_RS04950	1
E5260_RS04955	1
E5260_RS04960	1
E5260_RS04965	1
E5260_RS04970	1
E5260_RS04975	1
E5260_RS04980	1
E5260_RS04985	1
E5260_RS04990	1
E5260_RS04995	1
E5260_RS05000	1
E5260_RS05005	1
E5260_RS05010	1
E5260_RS05015	1
E5260_RS05020	1
E5260_RS05025	1
E5260_RS05030	1
E5260_RS05035	1
E5260_RS05040	1
E5260_RS05045	1
E5260_RS05050	1
E5260_RS05055	1
E5260_RS05060	1
E5260_RS05065	1
E5260_RS05070	1
E5260_RS05075	1
E5260_RS05080	1
E5260_RS05085	1
E5260_RS05090	1
E5260_RS15435	1
E5260_RS05095	1
gdhA	1
E5260_RS05105	1
wecB	1
E5260_RS05115	1
larD	1
glf	1
E5260_RS05130	1
E5260_RS05135	1
E5260_RS05140	1
E5260_RS05145	1
E5260_RS05150	1
E5260_RS05155	1
E5260_RS05160	1
E5260_RS05165	1
E5260_RS05170	1
E5260_RS05175	1
E5260_RS05185	1
E5260_RS05190	1
rfbB	1
E5260_RS05200	1
E5260_RS05205	1
E5260_RS05210	1
E5260_RS05215	1
E5260_RS05220	1
cps2T	1
rfbA	1
rfbC	1
rfbB	1
rfbD	1
E5260_RS05250	1
E5260_RS05255	1
E5260_RS15605	1
E5260_RS05265	1
E5260_RS05270	1
E5260_RS05275	1
E5260_RS05280	1
E5260_RS05285	1
E5260_RS05290	1
E5260_RS05295	1
E5260_RS05300	1
E5260_RS05305	1
E5260_RS15455	1
E5260_RS05315	1
E5260_RS05320	1
E5260_RS05325	1
E5260_RS05330	1
E5260_RS05335	1
E5260_RS05340	1
E5260_RS05345	1
E5260_RS05350	1
E5260_RS05355	1
E5260_RS05360	1
glf	1
E5260_RS05370	1
E5260_RS05375	1
E5260_RS05380	1
E5260_RS05385	1
E5260_RS05390	1
E5260_RS05395	1
E5260_RS15460	1
E5260_RS05400	1
E5260_RS05405	1
E5260_RS05410	1
E5260_RS05415	1
E5260_RS05420	1
E5260_RS05425	1
E5260_RS05430	1
E5260_RS05435	1
E5260_RS05440	1
E5260_RS05445	1
E5260_RS05450	1
recX	1
E5260_RS05460	1
E5260_RS05465	1
E5260_RS05470	1
E5260_RS05475	1
E5260_RS05480	1
E5260_RS15465	1
E5260_RS05485	1
E5260_RS05490	1
tagD	1
E5260_RS05500	1
E5260_RS05505	1
gnd	1
E5260_RS05515	1
E5260_RS05520	1
E5260_RS05525	1
E5260_RS05530	1
E5260_RS05535	1
E5260_RS05540	1
E5260_RS05545	1
E5260_RS05550	1
opp3b	1
E5260_RS05560	1
E5260_RS05565	1
E5260_RS05570	1
E5260_RS05575	1
E5260_RS05580	1
E5260_RS05585	1
E5260_RS05590	1
E5260_RS05595	1
ptsP	1
E5260_RS05605	1
E5260_RS05610	1
E5260_RS05615	1
E5260_RS05620	1
E5260_RS05625	1
E5260_RS05630	1
E5260_RS05635	1
E5260_RS05640	3
E5260_RS05645	3
E5260_RS05650	2
E5260_RS05655	2
rrf	4
E5260_RS05665	2
E5260_RS05670	1
E5260_RS05675	2
E5260_RS05680	3
E5260_RS05685	2
E5260_RS05690	1
E5260_RS05695	1
E5260_RS05700	2
E5260_RS05705	1
E5260_RS05710	1
E5260_RS05715	1
E5260_RS05720	1
E5260_RS05725	1
E5260_RS05730	1
E5260_RS05735	1
E5260_RS05740	1
E5260_RS05745	1
hemH	1
E5260_RS05755	1
mmuM	1
E5260_RS05765	1
E5260_RS05770	1
metK	1
E5260_RS05780	1
E5260_RS05785	1
E5260_RS05790	1
E5260_RS05795	1
E5260_RS05805	1
E5260_RS05810	1
E5260_RS05815	1
leuS	1
E5260_RS05825	1
E5260_RS05830	1
E5260_RS05835	1
pepV	1
E5260_RS05845	1
E5260_RS05850	1
E5260_RS05855	1
E5260_RS05860	1
E5260_RS05865	1
E5260_RS05870	1
E5260_RS05875	1
mscL	1
E5260_RS05885	1
E5260_RS05890	1
E5260_RS05895	1
E5260_RS05900	1
E5260_RS05905	1
msrA	1
E5260_RS05915	1
E5260_RS05920	1
E5260_RS05925	1
E5260_RS05930	1
E5260_RS05935	1
E5260_RS05940	1
E5260_RS05945	1
E5260_RS05950	1
E5260_RS05955	1
E5260_RS15470	1
E5260_RS15475	1
E5260_RS05965	1
E5260_RS05970	1
E5260_RS05975	1
E5260_RS05980	1
E5260_RS05985	2
E5260_RS05990	1
E5260_RS05995	1
E5260_RS06000	1
E5260_RS06005	1
E5260_RS06010	1
E5260_RS06015	1
metE	1
E5260_RS06025	1
sat	1
cysC	1
E5260_RS06040	1
E5260_RS06045	1
E5260_RS06050	1
E5260_RS06055	1
E5260_RS06060	1
E5260_RS06065	1
E5260_RS06070	3
E5260_RS06075	1
argS	1
E5260_RS06085	1
E5260_RS06090	1
E5260_RS06095	1
E5260_RS06100	1
E5260_RS06105	1
E5260_RS06110	1
E5260_RS06115	1
E5260_RS06120	1
E5260_RS06125	1
E5260_RS06130	1
E5260_RS15480	1
E5260_RS06135	1
dltC	1
E5260_RS06145	1
E5260_RS06150	1
E5260_RS06155	1
argR	1
E5260_RS15485	1
E5260_RS06165	1
E5260_RS06170	1
E5260_RS06175	1
E5260_RS06180	1
E5260_RS06185	1
E5260_RS06195	1
E5260_RS06200	1
E5260_RS06205	1
E5260_RS06210	1
E5260_RS06215	1
E5260_RS06220	1
E5260_RS06225	1
E5260_RS15635	1
E5260_RS06235	1
E5260_RS06240	1
E5260_RS06245	1
E5260_RS06250	1
E5260_RS06260	1
eno	1
E5260_RS06270	1
E5260_RS06275	1
E5260_RS06280	1
E5260_RS06285	1
E5260_RS06290	1
E5260_RS06295	1
ribD	1
E5260_RS06305	1
E5260_RS06310	1
ribH	1
E5260_RS06320	1
E5260_RS06325	1
E5260_RS06330	1
E5260_RS06335	1
E5260_RS06340	1
E5260_RS06345	1
E5260_RS06350	1
E5260_RS06355	1
E5260_RS06360	1
E5260_RS06365	1
E5260_RS06370	1
E5260_RS06375	1
E5260_RS06380	1
E5260_RS06385	1
E5260_RS06390	1
E5260_RS06395	1
trmB	1
E5260_RS06405	1
ytpR	1
E5260_RS06415	1
murC	1
E5260_RS06425	1
feoB	1
E5260_RS06435	1
sufC	1
sufD	1
E5260_RS06450	1
sufU	1
sufB	1
E5260_RS06465	1
E5260_RS06470	1
E5260_RS06475	1
polA	1
mutM	1
coaE	1
nrdR	1
E5260_RS06500	1
dnaI	1
thrS	1
infC	1
rpmI	1
rplT	1
E5260_RS06530	1
E5260_RS06535	1
E5260_RS06540	1
E5260_RS06545	1
E5260_RS06550	1
E5260_RS06555	1
E5260_RS06560	1
E5260_RS06565	1
yqeH	1
yhbY	1
E5260_RS06580	1
yqeK	1
rsfS	1
E5260_RS06595	1
E5260_RS06600	1
E5260_RS06605	1
rpmF	1
E5260_RS06615	1
E5260_RS06620	1
gndA	1
E5260_RS06630	1
E5260_RS06635	1
E5260_RS06640	1
E5260_RS06645	1
E5260_RS06650	1
E5260_RS06655	1
E5260_RS06660	1
yidC	1
E5260_RS06670	1
E5260_RS06675	1
E5260_RS06680	1
E5260_RS06685	1
E5260_RS06690	1
pheT	1
mltG	1
udk	1
greA	1
E5260_RS06715	1
E5260_RS06720	1
E5260_RS06725	1
E5260_RS06730	1
E5260_RS06735	1
rpmG	1
E5260_RS06745	1
E5260_RS06750	1
E5260_RS06755	1
E5260_RS06760	1
E5260_RS06765	1
E5260_RS06770	1
E5260_RS06775	1
E5260_RS06780	1
miaA	1
E5260_RS06790	1
glnA	1
E5260_RS06800	1
E5260_RS06805	1
E5260_RS06810	1
E5260_RS06815	1
E5260_RS06820	1
E5260_RS06825	1
E5260_RS06830	1
E5260_RS15495	1
E5260_RS06835	1
E5260_RS06840	1
rplU	1
E5260_RS06850	1
rpmA	1
E5260_RS06860	1
efp	1
E5260_RS06870	1
nusB	1
E5260_RS06880	1
xseA	1
E5260_RS06890	1
E5260_RS06895	1
E5260_RS06900	1
E5260_RS06905	1
recN	1
E5260_RS06915	1
E5260_RS06920	1
E5260_RS06925	1
E5260_RS06930	1
E5260_RS06935	1
gmk	1
rpoZ	1
coaBC	1
priA	1
fmt	1
rsmB	1
E5260_RS06970	1
pknB	1
rsgA	1
rpe	1
E5260_RS06990	1
E5260_RS06995	1
rpmB	1
E5260_RS07005	1
E5260_RS07010	1
recG	1
plsX	1
acpP	1
rnc	1
smc	1
ftsY	1
E5260_RS07045	1
ffh	1
rpsP	1
E5260_RS07060	1
rimM	1
trmD	1
rplS	1
E5260_RS07080	1
E5260_RS07085	1
E5260_RS07090	1
E5260_RS07095	1
E5260_RS07100	1
E5260_RS07105	1
E5260_RS07110	1
trpD	1
trpC	1
E5260_RS07125	1
trpB	1
trpA	1
E5260_RS07140	1
E5260_RS07145	1
E5260_RS07150	1
E5260_RS07155	1
E5260_RS07160	1
E5260_RS07165	1
E5260_RS07170	1
E5260_RS07175	1
E5260_RS07180	1
fabZ	1
E5260_RS07190	1
acpP	1
E5260_RS07200	1
fabG	1
fabF	1
E5260_RS07215	1
E5260_RS07220	1
E5260_RS07225	1
E5260_RS07230	1
accA	1
fabI	1
E5260_RS07245	1
E5260_RS07250	1
E5260_RS07255	1
E5260_RS07260	1
rsgA	1
E5260_RS07270	1
E5260_RS07275	1
E5260_RS07280	1
E5260_RS07285	1
E5260_RS07290	1
E5260_RS07300	1
E5260_RS07305	1
E5260_RS07310	1
E5260_RS07315	1
E5260_RS07320	1
E5260_RS07325	1
E5260_RS07330	1
E5260_RS07335	1
E5260_RS07340	1
E5260_RS07345	1
E5260_RS07350	1
E5260_RS07355	1
E5260_RS07360	1
E5260_RS07365	1
E5260_RS07370	1
E5260_RS07375	1
E5260_RS07380	1
E5260_RS07385	1
E5260_RS07390	1
lysA	1
E5260_RS07400	1
E5260_RS07405	1
E5260_RS07410	1
E5260_RS07415	1
E5260_RS07420	1
E5260_RS07425	1
E5260_RS07430	1
E5260_RS07435	1
E5260_RS07440	1
E5260_RS07445	1
E5260_RS07450	1
E5260_RS07455	1
fni	1
E5260_RS07465	1
mvaD	1
mvk	1
E5260_RS07480	1
E5260_RS07485	1
E5260_RS07490	1
asnS	1
E5260_RS07500	1
E5260_RS07505	1
E5260_RS07510	1
E5260_RS07515	1
E5260_RS07520	1
E5260_RS07525	1
E5260_RS07530	1
E5260_RS07535	1
E5260_RS07540	1
recU	1
E5260_RS07550	1
gpsB	1
rnpB	1
E5260_RS07565	1
E5260_RS07570	1
E5260_RS07575	1
E5260_RS07580	1
E5260_RS07585	1
E5260_RS07590	1
E5260_RS07595	1
E5260_RS07605	1
E5260_RS07610	1
E5260_RS07615	1
E5260_RS07620	1
E5260_RS07625	1
E5260_RS07630	1
E5260_RS07635	1
E5260_RS07640	1
E5260_RS07645	1
E5260_RS07650	1
E5260_RS07655	1
lspA	1
E5260_RS07665	1
pyrR	1
E5260_RS07675	1
E5260_RS07680	1
E5260_RS07685	1
E5260_RS07690	1
E5260_RS07695	1
E5260_RS07700	1
E5260_RS07705	1
E5260_RS07710	1
E5260_RS07715	1
E5260_RS15500	1
E5260_RS07730	1
E5260_RS07735	1
E5260_RS07740	1
E5260_RS07745	1
E5260_RS07750	1
E5260_RS07755	1
E5260_RS07760	1
E5260_RS07765	1
E5260_RS07770	1
E5260_RS07775	1
E5260_RS07780	1
E5260_RS07785	1
E5260_RS07790	1
E5260_RS07795	1
E5260_RS07800	1
E5260_RS07805	1
E5260_RS07810	1
E5260_RS07815	1
E5260_RS07820	1
E5260_RS07825	1
E5260_RS07830	1
E5260_RS07835	1
E5260_RS07840	1
E5260_RS07845	1
E5260_RS07850	1
E5260_RS07855	1
E5260_RS07860	1
E5260_RS07865	1
E5260_RS07870	1
E5260_RS07875	1
msrA	1
msrB	1
E5260_RS07890	1
E5260_RS07895	1
parC	1
parE	1
plsY	1
E5260_RS07915	1
hslU	1
hslV	1
xerC	1
trmFO	1
topA	1
dprA	1
E5260_RS07950	1
ylqF	1
E5260_RS07960	1
E5260_RS07965	1
E5260_RS07970	1
E5260_RS07975	1
E5260_RS07980	1
E5260_RS07985	1
E5260_RS07990	1
E5260_RS07995	1
E5260_RS08000	1
E5260_RS08005	1
E5260_RS08010	1
E5260_RS08015	1
E5260_RS08020	1
E5260_RS08025	1
E5260_RS08030	1
E5260_RS08035	1
dapB	1
E5260_RS15505	1
E5260_RS08045	1
E5260_RS08050	1
E5260_RS08055	1
der	1
rpsA	1
cmk	1
E5260_RS08075	1
E5260_RS08080	1
E5260_RS08085	1
E5260_RS08090	1
E5260_RS08095	1
scpB	1
E5260_RS08105	1
E5260_RS08110	1
xerD	1
E5260_RS08120	1
E5260_RS08125	1
pyk	1
pfkA	1
dnaE	1
E5260_RS08145	1
E5260_RS08150	1
clpB	1
pepT	1
E5260_RS08165	1
E5260_RS08170	1
E5260_RS08175	1
E5260_RS08180	1
E5260_RS08185	1
E5260_RS08190	1
ppsA	1
E5260_RS08200	1
E5260_RS08205	1
E5260_RS08210	1
E5260_RS08215	1
E5260_RS08220	1
E5260_RS08225	1
eno	1
E5260_RS08235	1
E5260_RS08240	1
E5260_RS08245	1
E5260_RS08250	1
E5260_RS08255	1
E5260_RS08260	1
E5260_RS08265	1
E5260_RS08270	1
E5260_RS08275	1
E5260_RS08280	1
E5260_RS08285	1
E5260_RS08290	1
E5260_RS08295	1
E5260_RS08300	1
E5260_RS08305	1
E5260_RS08310	1
E5260_RS08315	1
E5260_RS08320	1
E5260_RS08325	1
E5260_RS08330	1
E5260_RS08335	1
E5260_RS08340	1
E5260_RS08345	1
E5260_RS08350	1
E5260_RS08355	1
E5260_RS08360	1
E5260_RS08365	1
E5260_RS08370	1
E5260_RS08375	1
E5260_RS08380	1
E5260_RS08385	1
E5260_RS08390	1
E5260_RS08395	1
E5260_RS08400	1
E5260_RS08405	1
E5260_RS08410	1
E5260_RS08415	1
E5260_RS08420	1
E5260_RS08425	1
E5260_RS08430	1
E5260_RS08435	1
E5260_RS08440	1
E5260_RS08445	1
rpoD	1
dnaG	1
glyS	1
glyQ	1
recO	1
era	1
E5260_RS08480	1
ybeY	1
E5260_RS08490	1
E5260_RS08495	1
rpsU	1
E5260_RS08505	1
E5260_RS08510	1
E5260_RS08515	1
E5260_RS08520	1
E5260_RS08525	1
msrA	1
aspS	1
hisS	1
E5260_RS08545	1
E5260_RS08550	1
E5260_RS08555	1
dtd	1
E5260_RS08565	1
E5260_RS08570	1
E5260_RS08575	1
prmA	1
E5260_RS08585	1
E5260_RS08590	1
E5260_RS08595	1
lepA	1
dltD	1
dltC	1
dltB	1
dltA	1
E5260_RS08625	1
E5260_RS08630	1
dnaJ	1
dnaK	1
grpE	1
hrcA	1
budA	1
ribF	1
truB	1
E5260_RS08670	1
E5260_RS08675	1
aroA	1
E5260_RS08685	1
aroC	1
E5260_RS08695	1
rbfA	1
infB	1
E5260_RS08710	1
rnpM	1
nusA	1
rimP	1
E5260_RS08730	1
E5260_RS08735	1
rseP	1
E5260_RS08745	1
E5260_RS08750	1
frr	1
pyrH	1
tsf	1
rpsB	1
E5260_RS08775	1
E5260_RS08780	1
E5260_RS08785	1
E5260_RS08790	1
E5260_RS08795	1
E5260_RS08800	1
E5260_RS08805	1
lexA	1
E5260_RS15620	1
E5260_RS08820	1
E5260_RS08825	1
E5260_RS08830	1
E5260_RS08835	1
E5260_RS08840	1
E5260_RS08845	1
E5260_RS08850	1
E5260_RS08855	1
E5260_RS08860	1
E5260_RS08865	1
E5260_RS15640	1
E5260_RS08875	1
E5260_RS08880	1
E5260_RS08885	1
E5260_RS08890	1
E5260_RS08895	1
E5260_RS08900	1
E5260_RS08905	1
E5260_RS08910	1
E5260_RS08915	1
E5260_RS08920	1
E5260_RS08925	1
recJ	1
E5260_RS08935	1
E5260_RS08940	1
rnz	1
E5260_RS08950	1
obgE	1
E5260_RS08960	1
pfkB	1
E5260_RS08970	1
E5260_RS08975	1
E5260_RS08980	1
E5260_RS08985	1
E5260_RS08990	1
E5260_RS08995	1
E5260_RS09000	1
E5260_RS09005	1
E5260_RS09010	1
E5260_RS09015	1
E5260_RS09020	1
E5260_RS09025	1
uvrC	1
E5260_RS09035	1
E5260_RS09040	1
E5260_RS09045	1
E5260_RS09050	1
E5260_RS09055	1
yihA	1
clpX	1
tig	1
tuf	1
E5260_RS09080	1
E5260_RS09085	1
dapA	1
E5260_RS09095	1
rpsO	1
rpsT	1
holA	1
E5260_RS09115	1
E5260_RS09120	1
E5260_RS09125	1
E5260_RS09130	1
coaD	1
rsmD	1
E5260_RS09145	1
E5260_RS09150	1
E5260_RS09155	1
E5260_RS09160	1
E5260_RS09165	1
xrtG	1
E5260_RS09175	1
typA	1
E5260_RS09185	1
E5260_RS09190	1
E5260_RS09195	1
lpdA	1
E5260_RS09205	1
E5260_RS09210	1
pdhA	1
def	1
E5260_RS09225	1
E5260_RS09230	1
rnjA	1
E5260_RS09240	1
E5260_RS09245	1
E5260_RS09250	1
E5260_RS09255	1
E5260_RS09260	1
E5260_RS09265	1
E5260_RS09270	1
E5260_RS09275	1
E5260_RS09280	1
E5260_RS09285	1
E5260_RS09290	1
E5260_RS09295	1
E5260_RS09300	1
E5260_RS09305	1
mnmA	1
E5260_RS09315	1
E5260_RS09320	1
E5260_RS09325	1
E5260_RS09330	1
E5260_RS09335	1
dapF	1
ileS	1
E5260_RS09350	1
E5260_RS09355	1
E5260_RS09360	1
E5260_RS09365	1
ftsZ	1
ftsA	1
E5260_RS09380	1
murG	1
murD	1
mraY	1
E5260_RS09400	1
ftsL	1
rsmH	1
mraZ	1
E5260_RS09420	1
E5260_RS09425	1
E5260_RS09430	1
E5260_RS09435	1
E5260_RS09440	1
E5260_RS09445	1
brnQ	1
E5260_RS09455	1
rpsN	1
E5260_RS09465	1
E5260_RS09470	1
E5260_RS09475	1
E5260_RS09480	1
E5260_RS09485	1
E5260_RS09490	1
E5260_RS09495	1
E5260_RS09500	1
pepF	1
E5260_RS09510	1
E5260_RS09515	1
spxA	1
E5260_RS09525	1
E5260_RS09530	1
E5260_RS09535	3
E5260_RS09540	2
E5260_RS09545	2
E5260_RS09550	1
E5260_RS09555	3
E5260_RS09560	1
E5260_RS09565	2
E5260_RS09570	3
E5260_RS09575	2
E5260_RS09580	1
E5260_RS09585	1
E5260_RS09590	1
E5260_RS09595	2
E5260_RS09600	2
E5260_RS09605	2
E5260_RS09610	2
E5260_RS09615	1
E5260_RS09620	2
E5260_RS09625	3
rrf	1
E5260_RS09635	2
E5260_RS09640	3
rrf	1
E5260_RS09650	1
E5260_RS09655	3
E5260_RS09660	1
E5260_RS09665	1
E5260_RS09670	1
E5260_RS09675	1
E5260_RS09680	1
E5260_RS09685	1
E5260_RS09690	1
E5260_RS09695	1
E5260_RS09700	1
E5260_RS09705	1
E5260_RS09710	1
E5260_RS09715	1
E5260_RS09720	1
E5260_RS09725	1
E5260_RS09730	1
comGC	1
E5260_RS09740	1
comGA	1
rbsK	1
E5260_RS09755	1
E5260_RS09760	1
E5260_RS09765	1
ccpA	1
E5260_RS09775	1
E5260_RS09780	1
E5260_RS09785	1
E5260_RS09790	1
E5260_RS09795	1
E5260_RS09800	1
dapD	1
cbpB	1
E5260_RS09815	1
E5260_RS09820	1
racE	1
E5260_RS09830	1
trxA	1
E5260_RS09840	1
E5260_RS09845	1
E5260_RS09850	1
ruvX	1
E5260_RS09860	1
alaS	1
E5260_RS09870	1
E5260_RS09875	1
dinB	1
yajC	1
tgt	1
queA	1
ruvB	1
ruvA	1
E5260_RS09910	1
E5260_RS09915	1
E5260_RS09920	1
mutL	1
mutS	1
E5260_RS09935	1
rny	1
recA	1
E5260_RS09950	1
pgsA	1
E5260_RS09960	1
yfmH	1
yfmF	1
E5260_RS09975	1
E5260_RS09980	1
E5260_RS09985	1
E5260_RS09990	1
minD	1
E5260_RS10000	1
mreD	1
mreC	1
E5260_RS10015	1
E5260_RS10020	1
E5260_RS10025	1
E5260_RS10030	1
tpx	1
thiI	1
E5260_RS10050	1
ezrA	1
E5260_RS10060	1
rpsD	1
E5260_RS10070	1
E5260_RS10075	1
E5260_RS10080	1
E5260_RS10085	1
E5260_RS10090	1
E5260_RS10095	1
E5260_RS10100	1
E5260_RS10105	1
E5260_RS10110	1
E5260_RS10115	1
gshAB	1
E5260_RS10125	1
ssrS	1
E5260_RS10135	1
E5260_RS10140	1
E5260_RS10145	1
E5260_RS10150	1
E5260_RS10155	1
E5260_RS10160	1
E5260_RS10165	1
E5260_RS10170	1
E5260_RS10175	1
E5260_RS10180	1
E5260_RS10185	1
E5260_RS10190	1
E5260_RS10195	1
E5260_RS10200	1
E5260_RS10205	1
yidD	1
E5260_RS10215	1
E5260_RS10220	1
murA	1
E5260_RS10230	1
atpD	1
E5260_RS10240	1
atpA	1
atpH	1
atpF	1
atpE	1
atpB	1
E5260_RS10270	1
E5260_RS10275	1
upp	1
glyA	1
E5260_RS10290	1
prmC	1
prfA	1
E5260_RS10305	1
E5260_RS10310	1
E5260_RS10315	1
manA	1
E5260_RS10325	1
E5260_RS10330	1
E5260_RS10335	1
E5260_RS10340	1
E5260_RS10345	1
E5260_RS10350	1
E5260_RS10355	1
E5260_RS10360	1
E5260_RS10365	1
E5260_RS10370	1
E5260_RS10375	1
E5260_RS10380	1
E5260_RS10385	1
E5260_RS10390	1
E5260_RS10395	1
E5260_RS10400	1
E5260_RS10405	1
E5260_RS10410	1
E5260_RS15515	1
E5260_RS10420	1
E5260_RS10425	1
E5260_RS10430	1
E5260_RS10435	1
E5260_RS10440	1
E5260_RS10445	1
E5260_RS10450	1
E5260_RS10455	1
E5260_RS10460	1
E5260_RS10465	1
E5260_RS10470	1
E5260_RS10475	1
E5260_RS10480	1
E5260_RS10485	1
E5260_RS10490	1
E5260_RS10495	1
E5260_RS10500	1
E5260_RS10505	1
E5260_RS10510	1
E5260_RS10515	1
E5260_RS10520	1
E5260_RS10525	1
E5260_RS10530	1
E5260_RS10535	1
E5260_RS10540	1
E5260_RS10545	1
E5260_RS10550	1
E5260_RS10555	1
E5260_RS10560	1
E5260_RS10565	1
E5260_RS10570	1
E5260_RS10575	1
E5260_RS10580	1
E5260_RS10585	1
E5260_RS10590	1
E5260_RS10595	1
E5260_RS10600	1
E5260_RS10605	1
E5260_RS10610	1
E5260_RS10615	1
E5260_RS10620	1
E5260_RS10625	1
E5260_RS10630	1
E5260_RS10635	1
E5260_RS10640	1
E5260_RS10645	1
E5260_RS10650	1
E5260_RS10655	1
E5260_RS10660	1
E5260_RS10665	1
E5260_RS10670	1
E5260_RS10675	1
E5260_RS10680	1
E5260_RS10685	1
E5260_RS10690	1
E5260_RS10695	1
E5260_RS10700	1
E5260_RS10705	1
E5260_RS10710	1
E5260_RS10715	1
E5260_RS10720	1
E5260_RS10725	1
E5260_RS10730	1
rlmD	1
E5260_RS10740	1
gatB	1
gatA	1
gatC	1
E5260_RS10760	1
ligA	1
pcrA	1
E5260_RS10775	1
E5260_RS10780	1
E5260_RS10785	1
E5260_RS10790	1
E5260_RS10795	1
E5260_RS10800	1
E5260_RS10810	1
cydC	1
cydD	1
cydB	1
E5260_RS10830	1
E5260_RS10835	1
E5260_RS10840	1
E5260_RS10845	1
E5260_RS10850	1
E5260_RS10855	1
E5260_RS10860	1
E5260_RS10865	1
E5260_RS10870	1
citX	1
E5260_RS10880	1
E5260_RS10885	1
E5260_RS10895	1
E5260_RS10900	1
citF	1
citE	1
citD	1
citC	1
E5260_RS10930	1
E5260_RS10935	1
E5260_RS10940	1
E5260_RS10945	1
E5260_RS10950	1
E5260_RS10955	1
E5260_RS10960	1
E5260_RS10965	1
E5260_RS10970	1
E5260_RS10975	1
ttdA	1
ttdB	1
E5260_RS10990	1
E5260_RS10995	1
aroF	1
aroE	1
tkt	1
E5260_RS11020	1
E5260_RS11025	1
E5260_RS11030	1
rpsI	1
rplM	1
truA	1
E5260_RS11050	1
E5260_RS11055	1
E5260_RS11060	1
E5260_RS11065	1
pplA	1
E5260_RS11075	1
E5260_RS11080	1
E5260_RS11085	1
E5260_RS11090	1
rplQ	1
E5260_RS11100	1
rpsK	1
rpsM	1
rpmJ	1
infA	1
E5260_RS11125	1
secY	1
rplO	1
rpmD	1
rpsE	1
rplR	1
rplF	1
rpsH	1
E5260_RS11165	1
rplE	1
rplX	1
rplN	1
rpsQ	1
rpmC	1
rplP	1
rpsC	1
rplV	1
rpsS	1
rplB	1
rplW	1
rplD	1
rplC	1
rpsJ	1
fusA	1
rpsG	1
rpsL	1
E5260_RS11255	1
rpoC	1
E5260_RS11265	1
E5260_RS11270	1
E5260_RS11275	1
E5260_RS11280	1
E5260_RS11285	1
E5260_RS11290	2
E5260_RS11295	2
E5260_RS11300	2
E5260_RS11305	2
E5260_RS11310	1
E5260_RS11315	1
serS	1
E5260_RS11325	1
E5260_RS11330	1
E5260_RS11335	1
alsS	1
E5260_RS11345	1
E5260_RS11350	1
E5260_RS11355	1
E5260_RS11360	1
E5260_RS11365	1
E5260_RS11370	1
E5260_RS11375	1
E5260_RS11380	1
E5260_RS11385	1
E5260_RS11390	1
E5260_RS11395	1
E5260_RS11400	1
E5260_RS11405	1
E5260_RS11410	1
E5260_RS11415	1
E5260_RS11420	1
E5260_RS11425	1
asnB	1
dapG	1
E5260_RS11440	1
E5260_RS11445	1
E5260_RS11450	1
E5260_RS11455	1
E5260_RS11460	1
E5260_RS11465	1
E5260_RS11470	1
E5260_RS11475	1
E5260_RS11480	1
E5260_RS11485	1
E5260_RS11490	1
E5260_RS11495	1
recQ	1
E5260_RS11505	1
E5260_RS11510	1
E5260_RS11515	1
asnA	1
asnS	1
E5260_RS11530	1
E5260_RS11535	1
E5260_RS11540	1
E5260_RS11545	1
E5260_RS11550	1
E5260_RS11555	1
E5260_RS11560	1
E5260_RS11565	1
E5260_RS11570	1
E5260_RS11575	1
E5260_RS11580	1
E5260_RS11585	1
E5260_RS11590	1
E5260_RS11595	1
E5260_RS11600	1
E5260_RS11605	1
E5260_RS11610	1
E5260_RS11615	1
E5260_RS11620	1
E5260_RS11625	1
amaP	1
E5260_RS11635	1
E5260_RS11640	1
E5260_RS11645	1
E5260_RS11650	1
E5260_RS11655	1
E5260_RS11660	1
E5260_RS11665	1
E5260_RS11670	1
E5260_RS11675	1
E5260_RS11680	1
E5260_RS15520	1
E5260_RS15525	1
E5260_RS15530	1
E5260_RS15535	1
E5260_RS15540	1
E5260_RS11695	1
E5260_RS11700	1
guaA	1
coaA	1
E5260_RS11715	1
helD	1
E5260_RS11725	1
E5260_RS11730	1
E5260_RS11735	1
E5260_RS11740	1
E5260_RS11745	1
E5260_RS11750	1
E5260_RS11755	1
E5260_RS11760	1
hflX	1
E5260_RS11770	1
E5260_RS11775	1
E5260_RS11780	1
E5260_RS11785	1
E5260_RS11790	1
E5260_RS11795	1
E5260_RS11800	1
E5260_RS11805	1
E5260_RS11810	1
E5260_RS11815	1
E5260_RS11820	1
E5260_RS11825	1
E5260_RS11830	1
E5260_RS11835	1
E5260_RS11840	1
E5260_RS11845	1
E5260_RS11850	1
E5260_RS11855	1
E5260_RS11860	1
E5260_RS11865	1
E5260_RS11870	1
E5260_RS11875	1
E5260_RS11880	1
E5260_RS11885	1
E5260_RS11890	1
E5260_RS11895	1
E5260_RS11900	1
E5260_RS11905	1
E5260_RS11910	1
E5260_RS11915	1
E5260_RS11920	1
E5260_RS11925	1
E5260_RS11930	1
E5260_RS11935	1
E5260_RS11940	1
E5260_RS11945	1
spxB	1
E5260_RS11955	1
E5260_RS11960	1
E5260_RS11965	1
E5260_RS11970	1
E5260_RS11975	1
E5260_RS11980	1
ppx	1
E5260_RS11990	1
E5260_RS11995	1
E5260_RS12000	1
E5260_RS12005	1
E5260_RS12010	1
E5260_RS12015	1
glpK	1
E5260_RS12025	1
E5260_RS12030	1
E5260_RS12035	1
E5260_RS12040	1
E5260_RS12045	1
E5260_RS12050	1
E5260_RS12055	1
E5260_RS12060	1
E5260_RS12065	1
glmS	1
glmM	1
E5260_RS12080	1
cdaA	1
E5260_RS12090	1
E5260_RS12095	1
E5260_RS12100	1
murB	1
E5260_RS12110	1
E5260_RS12115	1
E5260_RS12120	1
E5260_RS12125	1
tsaE	1
pta	1
E5260_RS12140	1
E5260_RS12145	1
E5260_RS12150	1
E5260_RS12155	1
E5260_RS12160	1
E5260_RS12165	1
smpB	1
rnr	1
E5260_RS12180	1
secG	1
E5260_RS12190	1
E5260_RS12195	1
eno	1
tpiA	1
E5260_RS12210	1
gap	1
E5260_RS12220	1
rpoN	1
E5260_RS12230	1
clpP	1
E5260_RS12240	1
E5260_RS12245	1
whiA	1
yvcK	1
rapZ	1
E5260_RS12265	1
argH	1
E5260_RS12275	1
E5260_RS12280	1
uvrA	1
uvrB	1
E5260_RS12295	1
E5260_RS12300	1
E5260_RS12305	1
E5260_RS12310	1
E5260_RS12315	1
E5260_RS12320	1
E5260_RS12325	1
E5260_RS12330	1
trxB	1
E5260_RS12340	1
E5260_RS12345	1
E5260_RS12350	1
E5260_RS12355	1
E5260_RS12360	1
E5260_RS12365	1
E5260_RS12370	1
E5260_RS12375	1
galU	1
E5260_RS12385	1
lgt	1
hprK	1
E5260_RS12400	1
E5260_RS12405	1
phoU	1
pstB	1
pstB	1
pstA	1
pstC	1
E5260_RS12435	1
pnpS	1
E5260_RS12445	1
E5260_RS12450	1
prfB	1
secA	1
hpf	1
E5260_RS12470	1
E5260_RS12475	1
E5260_RS12480	1
E5260_RS12485	1
E5260_RS12490	1
E5260_RS12495	1
groL	1
groES	1
E5260_RS12510	1
E5260_RS12515	1
E5260_RS12520	1
tsaD	1
rimI	1
rimI	1
tsaB	1
E5260_RS12545	1
phnC	1
phnE	1
E5260_RS12560	1
phnX	1
phnW	1
galE	1
E5260_RS12580	1
rsmI	1
E5260_RS12590	1
holB	1
E5260_RS12600	1
tmk	1
E5260_RS12610	1
E5260_RS12615	1
E5260_RS12620	1
E5260_RS12625	1
E5260_RS12630	1
E5260_RS12635	1
E5260_RS12640	1
recR	1
E5260_RS12650	1
dnaX	1
ffs	1
tadA	1
E5260_RS12670	1
E5260_RS12675	1
nrdE	1
nrdF	1
E5260_RS12690	1
mprF	1
E5260_RS12700	1
E5260_RS12705	1
rplL	1
rplJ	1
rplA	1
rplK	1
E5260_RS12730	1
nusG	1
secE	1
rpmG	1
E5260_RS12750	1
E5260_RS12755	1
rlmB	1
E5260_RS12765	1
cysS	1
gltX	1
E5260_RS12780	1
radA	1
E5260_RS12790	1
E5260_RS12795	1
rpiA	1
E5260_RS12805	1
E5260_RS12810	1
E5260_RS12815	1
E5260_RS12820	1
E5260_RS12825	1
E5260_RS12830	1
accA	1
E5260_RS12840	1
E5260_RS12845	1
E5260_RS12850	1
E5260_RS12855	1
E5260_RS12860	1
E5260_RS12865	1
E5260_RS12870	1
E5260_RS12875	1
E5260_RS12880	1
E5260_RS12885	1
E5260_RS12890	1
E5260_RS12895	1
E5260_RS12900	1
thrB	1
E5260_RS12910	1
E5260_RS12915	1
E5260_RS12920	1
E5260_RS12925	1
E5260_RS12930	1
nadE	1
E5260_RS12940	1
E5260_RS12945	1
E5260_RS12950	1
nagA	1
proC	1
pnuC	1
E5260_RS12970	1
E5260_RS12975	1
E5260_RS12980	1
E5260_RS15545	1
E5260_RS12990	1
E5260_RS12995	1
E5260_RS13000	1
E5260_RS13005	1
E5260_RS13010	1
E5260_RS13015	1
E5260_RS13020	2
rrf	4
E5260_RS13030	2
E5260_RS13035	2
E5260_RS13040	3
E5260_RS13045	2
lysS	1
dusB	1
hslO	1
ftsH	1
hpt	1
tilS	1
E5260_RS13080	1
E5260_RS13085	1
E5260_RS13090	1
E5260_RS13095	1
mfd	1
pth	1
E5260_RS13110	1
E5260_RS13115	1
E5260_RS13125	1
argF	1
E5260_RS13135	1
argB	1
argJ	1
argC	1
E5260_RS13155	1
carB	1
E5260_RS13165	1
E5260_RS13170	1
E5260_RS13175	1
E5260_RS13180	1
E5260_RS13185	1
alr	1
acpS	1
E5260_RS13200	1
murF	1
E5260_RS13210	1
htpX	1
E5260_RS13220	1
E5260_RS13225	1
E5260_RS13230	1
E5260_RS13235	1
rho	1
E5260_RS13245	1
E5260_RS13250	1
E5260_RS13255	1
sdaAA	1
sdaAB	1
E5260_RS13270	1
serS	1
E5260_RS13280	1
rpoE	1
E5260_RS13290	1
E5260_RS13295	1
E5260_RS13300	1
yidA	1
E5260_RS13310	1
E5260_RS13315	1
E5260_RS13320	1
E5260_RS13325	1
glmU	1
purR	1
E5260_RS13340	1
E5260_RS13345	1
E5260_RS15550	1
E5260_RS13355	1
E5260_RS13360	1
E5260_RS13365	1
E5260_RS13370	1
E5260_RS13375	1
ispE	1
E5260_RS13385	1
rsmA	1
rnmV	1
E5260_RS13400	1
E5260_RS13405	1
metG	1
E5260_RS13415	1
E5260_RS13420	1
E5260_RS13425	1
E5260_RS13430	1
E5260_RS13435	1
E5260_RS13440	1
E5260_RS13445	1
E5260_RS13450	1
E5260_RS13455	1
E5260_RS13460	1
E5260_RS13465	1
E5260_RS13470	1
E5260_RS13475	1
E5260_RS13480	1
E5260_RS13485	1
E5260_RS13490	1
E5260_RS13495	1
trpS	1
E5260_RS13505	1
helD	1
E5260_RS13515	1
E5260_RS13520	1
E5260_RS13525	1
E5260_RS13530	1
E5260_RS13535	1
E5260_RS13540	1
E5260_RS13545	1
plnE	1
plnF	1
E5260_RS15555	1
E5260_RS13565	1
E5260_RS13570	1
E5260_RS13575	1
E5260_RS13580	1
E5260_RS13585	1
E5260_RS13590	1
E5260_RS13595	1
E5260_RS13600	1
plnJ	1
plnK	1
E5260_RS13615	1
E5260_RS13620	1
E5260_RS13625	1
brnQ	1
E5260_RS13635	1
E5260_RS13640	1
E5260_RS13645	1
E5260_RS13650	1
E5260_RS13655	1
E5260_RS13660	1
E5260_RS13665	1
E5260_RS15645	1
E5260_RS13675	1
E5260_RS13680	1
E5260_RS13685	1
E5260_RS13690	1
E5260_RS13695	1
E5260_RS13705	1
E5260_RS13710	1
E5260_RS13715	1
glpO	1
glpK	1
E5260_RS13730	1
E5260_RS13735	1
E5260_RS13740	1
E5260_RS13745	1
E5260_RS13750	1
rihC	1
E5260_RS13760	1
E5260_RS13765	1
E5260_RS13770	1
E5260_RS13775	1
E5260_RS13780	1
E5260_RS13785	1
E5260_RS13790	1
rpiA	1
E5260_RS13800	1
E5260_RS13805	1
E5260_RS13810	1
E5260_RS13815	1
E5260_RS13820	1
E5260_RS13825	1
E5260_RS13830	1
E5260_RS13835	1
E5260_RS13840	1
E5260_RS13845	1
E5260_RS13850	1
E5260_RS13855	1
E5260_RS13860	1
E5260_RS13865	1
E5260_RS13870	1
E5260_RS13875	1
E5260_RS15560	1
E5260_RS13885	1
E5260_RS13890	1
E5260_RS13895	1
E5260_RS13900	1
E5260_RS13905	1
E5260_RS13910	1
E5260_RS13915	1
fba	1
E5260_RS13925	1
E5260_RS13930	1
E5260_RS13935	1
E5260_RS13940	1
E5260_RS13945	1
E5260_RS13950	1
E5260_RS13955	1
E5260_RS13960	1
E5260_RS13965	1
E5260_RS13970	1
E5260_RS13975	1
E5260_RS13980	1
E5260_RS13985	1
E5260_RS13990	1
E5260_RS13995	1
E5260_RS14000	1
E5260_RS14005	1
E5260_RS14010	1
E5260_RS14015	1
E5260_RS14020	1
E5260_RS14025	1
E5260_RS14030	1
E5260_RS14035	1
E5260_RS14040	1
E5260_RS14045	1
E5260_RS14050	1
E5260_RS14055	1
E5260_RS14060	1
E5260_RS14065	1
E5260_RS14070	1
E5260_RS14075	1
E5260_RS14080	1
E5260_RS14085	1
E5260_RS14090	1
E5260_RS14095	1
E5260_RS14100	1
E5260_RS14105	1
E5260_RS14110	1
E5260_RS14115	1
E5260_RS14120	1
E5260_RS14125	1
E5260_RS14130	1
celB	1
E5260_RS14140	1
E5260_RS14145	1
E5260_RS14150	1
E5260_RS14155	1
E5260_RS14160	1
E5260_RS14165	1
E5260_RS14170	1
E5260_RS14175	1
E5260_RS14180	1
E5260_RS14185	1
E5260_RS14190	1
E5260_RS14195	1
lpdD	1
E5260_RS14205	1
E5260_RS14210	1
E5260_RS14215	1
E5260_RS14220	1
treC	1
treR	1
E5260_RS14235	1
E5260_RS14240	1
pnuC	1
map	1
E5260_RS14255	1
E5260_RS14260	1
epsC	1
E5260_RS14270	1
E5260_RS14275	1
ndk	1
E5260_RS14285	1
E5260_RS14290	1
E5260_RS14295	1
trxA	1
E5260_RS14305	1
E5260_RS14310	1
E5260_RS14315	1
E5260_RS14320	1
E5260_RS14325	1
E5260_RS14330	1
E5260_RS14335	1
E5260_RS14340	1
E5260_RS14345	1
E5260_RS14350	1
E5260_RS14355	1
E5260_RS14360	1
greA	1
E5260_RS14370	1
E5260_RS14375	1
E5260_RS14380	1
E5260_RS14385	1
E5260_RS14390	1
E5260_RS14395	1
E5260_RS14400	1
E5260_RS14405	1
E5260_RS14410	1
E5260_RS14415	1
E5260_RS14420	1
E5260_RS14425	1
E5260_RS14430	1
E5260_RS14435	1
E5260_RS14440	1
E5260_RS14445	1
serC	1
E5260_RS14455	1
E5260_RS14460	1
E5260_RS14465	1
E5260_RS14470	1
E5260_RS14475	1
E5260_RS15565	1
E5260_RS14480	1
E5260_RS14485	1
E5260_RS14490	1
nhaC	1
E5260_RS14500	1
E5260_RS14505	1
E5260_RS14510	1
E5260_RS14515	1
E5260_RS14520	1
E5260_RS14525	1
E5260_RS14530	1
E5260_RS14540	1
E5260_RS14545	1
E5260_RS14550	1
E5260_RS14555	1
E5260_RS14560	1
E5260_RS14565	1
E5260_RS14570	1
E5260_RS14575	1
E5260_RS14580	1
E5260_RS14585	1
E5260_RS14590	1
dhaM	1
dhaL	1
dhaK	1
dhaQ	1
dhaS	1
E5260_RS14620	1
E5260_RS14625	1
E5260_RS14630	1
E5260_RS14635	1
E5260_RS14640	1
E5260_RS14645	1
E5260_RS14650	1
E5260_RS14655	1
E5260_RS14660	1
E5260_RS14665	1
E5260_RS14670	1
E5260_RS15580	1
E5260_RS14680	1
E5260_RS14685	1
E5260_RS14690	1
E5260_RS14695	1
E5260_RS14700	1
E5260_RS14705	1
E5260_RS14710	1
E5260_RS14715	1
E5260_RS14720	1
E5260_RS14725	1
E5260_RS14730	1
E5260_RS14735	1
E5260_RS14740	1
E5260_RS14745	1
E5260_RS14750	1
E5260_RS14755	1
E5260_RS14760	1
E5260_RS14765	1
E5260_RS14770	1
E5260_RS14775	1
E5260_RS14780	1
E5260_RS14785	1
E5260_RS14790	1
E5260_RS14795	1
E5260_RS14800	1
E5260_RS14805	1
cytX	1
thiE	1
thiD	1
thiM	1
E5260_RS14830	1
larE	1
larD	1
larC	1
E5260_RS14850	1
larB	1
larA	1
E5260_RS14865	1
cbiM	1
E5260_RS14875	1
E5260_RS14880	1
E5260_RS14885	1
E5260_RS14895	1
E5260_RS14900	1
E5260_RS14905	1
E5260_RS14910	1
yaaA	1
pepI	1
E5260_RS14925	1
E5260_RS14930	1
E5260_RS14935	1
E5260_RS14940	1
E5260_RS14945	1
E5260_RS14950	1
E5260_RS14955	1
E5260_RS14960	1
E5260_RS14965	1
E5260_RS14970	1
E5260_RS14975	1
E5260_RS14980	1
E5260_RS14985	1
E5260_RS14990	1
E5260_RS14995	1
E5260_RS15000	1
E5260_RS15005	1
E5260_RS15010	1
pgmB	1
E5260_RS15020	1
E5260_RS15025	1
E5260_RS15030	1
E5260_RS15035	1
arsC	1
E5260_RS15045	1
E5260_RS15050	1
E5260_RS15055	1
E5260_RS15060	1
E5260_RS15065	1
E5260_RS15070	1
E5260_RS15075	1
E5260_RS15080	1
E5260_RS15085	1
E5260_RS15090	1
rlmH	1
E5260_RS15100	1
E5260_RS15105	1
E5260_RS15110	1
E5260_RS15115	1
walK	1
yycF	1
E5260_RS15130	1
E5260_RS15135	1
E5260_RS15140	1
E5260_RS15145	1
E5260_RS15150	1
pgmB	1
E5260_RS15160	1
E5260_RS15165	1
E5260_RS15170	1
glgA	1
glgD	1
E5260_RS15185	1
glgB	1
E5260_RS15195	1
E5260_RS15200	1
proB	1
E5260_RS15210	1
dnaB	1
rplI	1
E5260_RS15225	1
rpsR	1
ssb	1
rpsF	1
gyrA	1
gyrB	1
recF	1
yaaA	1
